,City,Country,Max Temp,Latitude,Longitude,Humidity,Cloudiness,Wind Speed
0,Eirunepe,BR,80.12,-6.66,-69.87,87,36,2.35
1,Saint-Philippe,CA,8.01,45.36,-73.48,50,1,13.87
2,Abha,SA,62.6,18.22,42.5,82,0,4.7
3,Gat,SN,71.6,14.69,-16.54,43,12,11.41
4,Camocim,BR,77.51,-2.9,-40.84,93,92,4.76
5,Atuona,PF,80.84,-9.8,-139.03,100,12,7
6,Belmonte,PT,44.43,40.36,-7.35,71,0,6.89
7,Cherskiy,RU,-5.52,68.75,161.3,81,80,2.35
8,Chuy,UY,60.5,-33.69,-53.46,80,0,10.85
9,Bonavista,CA,25.4,48.65,-53.11,94,88,31.43
10,Salalah,OM,75.2,17.01,54.1,69,0,3.36
11,Albany,US,19.99,42.65,-73.75,44,40,20.8
12,Butaritari,KI,81.69,3.07,172.79,100,88,16.62
13,Hermanus,ZA,59,-34.42,19.24,74,56,2.98
14,Bluff,AU,82.1,-23.58,149.07,42,0,11.25
15,New Norfolk,AU,63,-42.78,147.06,50,20,8.05
16,Rabat,MA,55.99,34.02,-6.83,82,75,4.7
17,Kochki,RU,26.12,54.33,80.49,92,92,8.72
18,Maragogi,BR,79.44,-9.01,-35.22,91,92,7.49
19,Tasiilaq,GL,30.2,65.61,-37.64,92,92,3.36
20,Lavrentiya,RU,29,65.58,-170.99,86,0,19.69
21,Katsuura,JP,46,33.93,134.5,75,75,5.82
22,Punta Arenas,CL,51.8,-53.16,-70.91,53,0,17.22
23,Lebu,ET,39.71,8.96,38.73,55,0,2.98
24,Pisco,PE,71.6,-13.71,-76.2,30,75,20.8
25,Avarua,CK,84.2,-21.21,-159.78,66,0,16.11
26,Kuytun,RU,6.05,54.34,101.51,69,32,2.3
27,Saint-Georges,CA,1,46.12,-70.67,68,36,11.01
28,Cape Town,ZA,61,-33.93,18.42,82,0,2.24
29,Castro,CL,57.53,-42.48,-73.76,74,0,7.83
30,Bredasdorp,ZA,55.4,-34.53,20.04,76,68,4.7
31,Kodiak,US,34,39.95,-94.76,62,90,10.29
32,Solnechnyy,RU,22.34,50.72,136.64,66,24,7.23
33,Limbang,BN,78.8,4.75,115.01,88,75,8.05
34,Rikitea,PF,80.48,-23.12,-134.97,99,88,10.36
35,Kapaa,US,78.8,22.08,-159.32,53,1,19.46
36,Lorengau,PG,80.34,-2.02,147.27,100,64,6.38
37,Altamont,CA,5,49.4,-98.5,71,76,7.49
38,Rocha,UY,54.51,-34.48,-54.34,64,0,6.26
39,Eureka,US,46.4,40.8,-124.16,93,90,4.76
40,Sao Filipe,CV,73.46,14.9,-24.5,85,0,14.83
41,Punta Cardon,VE,78.23,11.61,-70.22,72,0,22.15
42,Busselton,AU,71.01,-33.64,115.35,51,36,16.96
43,Kitimat,CA,32,54.02,-128.69,46,20,13.87
44,Vila Franca do Campo,PT,57.2,37.72,-25.43,62,40,18.34
45,Khatanga,RU,-0.8,71.98,102.47,65,88,5.59
46,Touros,BR,80.6,-5.2,-35.46,88,20,4.7
47,Itaueira,BR,72.38,-7.6,-43.03,91,12,3.87
48,Souillac,FR,51.8,45.6,-0.6,70,0,1.12
49,Mahebourg,MU,82.4,-20.41,57.7,83,75,16.11
50,Dikson,RU,-5.79,73.51,80.55,82,36,28.41
51,Bolobo,CD,71.84,-2.17,16.23,100,76,2.3
52,Bulaevo,KZ,6.86,54.91,70.44,84,88,7.27
53,Provideniya,RU,32,64.42,-173.23,91,40,20.13
54,Mayo,CA,8.6,63.59,-135.9,60,20,3.36
55,Almaznyy,RU,32,48.03,40.04,93,40,4.47
56,Bilibino,RU,-5.57,68.06,166.44,77,36,3.24
57,Paris,FR,51.01,48.86,2.35,75,0,4.7
58,Kaitangata,NZ,57.26,-46.28,169.85,71,20,20.54
59,Okha,RU,11.09,53.59,142.95,83,36,15.32
60,Ushuaia,AR,44.6,-54.81,-68.31,70,40,31.09
61,Cabo San Lucas,MX,75,22.89,-109.91,56,5,6.93
62,Luderitz,NA,64.86,-26.65,15.16,74,0,18.07
63,Airai,TL,75.89,-8.93,125.41,82,0,1.86
64,Port Alfred,ZA,64.99,-33.59,26.89,71,12,5.99
65,Lagoa,PT,60.01,37.14,-8.45,77,0,10.29
66,Dingle,PH,74.94,11,122.67,70,0,12.53
67,Chokurdakh,RU,-23.34,70.62,147.9,34,64,7.72
68,Lamont,CA,18,53.76,-112.78,56,75,9.17
69,Barrow,AR,51.18,-38.31,-60.23,73,8,2.86
70,Oranjemund,ZA,64.23,-28.55,16.43,95,48,18.63
71,Furano,JP,19.4,43.28,142.47,85,40,11.41
72,Bonthe,SL,79.13,7.53,-12.5,85,0,5.32
73,Thompson,CA,8.6,55.74,-97.86,65,75,11.41
74,Nanortalik,GL,29.04,60.14,-45.24,100,0,15.77
75,Yellowknife,CA,19.4,62.45,-114.38,73,90,6.93
76,Shebunino,RU,26.6,57.66,40.04,79,90,11.18
77,Vitim,RU,16.58,59.44,112.57,72,68,5.88
78,Puerto Ayora,EC,86,-0.74,-90.35,66,20,11.41
79,Norman Wells,CA,24.8,65.28,-126.83,68,40,19.46
80,Vaini,IN,54.56,15.34,74.49,75,0,1.3
81,Bukama,CD,68.73,-9.2,25.85,98,88,2.46
82,Faya,SA,62.6,18.39,42.45,82,0,4.7
83,Ambon,FR,48.99,47.55,-2.56,87,0,6.93
84,Havre-Saint-Pierre,CA,26.6,50.23,-63.6,73,90,11.41
85,Caconda,AO,60.41,-13.73,15.06,95,68,2.68
86,Aljezur,PT,60.01,37.31,-8.8,77,24,11.41
87,Cedar City,US,48.2,37.68,-113.06,39,1,12.75
88,Qaanaaq,GL,-13.62,77.48,-69.36,81,20,6.22
89,Comodoro Rivadavia,AR,62.6,-45.87,-67.48,51,20,9.17
90,Dicabisagan,PH,72.06,17.08,122.42,100,56,5.1
91,Arraial do Cabo,BR,80.16,-22.97,-42.02,94,24,0.56
92,Manokwari,ID,79.44,-0.87,134.08,100,68,4.76
93,Laguna,MX,80.6,27.52,-110.01,21,40,9.17
94,Grand Gaube,MU,82.4,-20.01,57.66,83,75,16.11
95,Bandarbeyla,SO,76.97,9.49,50.81,100,20,12.3
96,Cosamaloapan,MX,89.01,18.36,-95.8,55,0,1.99
97,Pevek,RU,-5.03,69.7,170.27,79,20,0.96
98,Sitka,US,34.71,37.17,-99.65,64,8,6.38
99,Umm Lajj,SA,68.64,25.02,37.27,100,92,9.4
100,Pacific Grove,US,62.6,36.62,-121.92,51,90,5.82
101,Sao Jose da Coroa Grande,BR,79.44,-8.9,-35.15,91,92,7.49
102,Griffith,AU,87.8,-34.29,146.06,22,0,12.75
103,Salekhard,RU,-10.29,66.54,66.62,52,0,11.41
104,Carnarvon,ZA,55.82,-30.97,22.13,53,0,7.72
105,Kuito,AO,59.78,-12.38,16.94,90,56,2.19
106,Hobart,AU,63,-42.88,147.33,50,20,8.05
107,Alice,US,77,27.75,-98.07,100,75,6.93
108,Qasigiannguit,GL,-0.41,68.82,-51.19,84,20,4.7
109,Lingao,CN,68.15,19.91,109.69,96,0,7.05
110,Srednekolymsk,RU,-16.64,67.46,153.71,71,76,4.54
111,Mataura,NZ,55,-46.19,168.86,80,48,8.01
112,Biak,ID,79.22,-0.91,122.88,97,88,3.8
113,Saint-Francois,FR,35.6,46.42,3.91,93,0,2.57
114,Banda Aceh,ID,74.09,5.56,95.32,97,24,2.86
115,Beringovskiy,RU,30.21,63.05,179.32,89,80,27.07
116,Remedios,CU,78.8,22.5,-79.55,61,20,14.99
117,Aklavik,CA,21.2,68.22,-135.01,73,75,3.36
118,Thinadhoo,MV,81.11,0.53,72.93,100,48,11.07
119,Hofn,IS,42.32,64.25,-15.21,92,88,24.34
120,Kashan,IR,44.6,33.99,51.44,36,0,4.47
121,Kayes,ML,67.61,14.44,-11.44,26,0,11.41
122,Shubarshi,KZ,21.08,48.59,57.19,89,92,8.23
123,Coihaique,CL,62.6,-45.58,-72.07,51,0,4.7
124,Ribeira Grande,PT,60.68,38.52,-28.7,98,92,29.97
125,Sept-Iles,CA,5,50.2,-66.38,60,90,18.34
126,Saskylakh,RU,-28.29,71.97,114.09,43,0,6.33
127,Honningsvag,NO,29.9,70.98,25.97,100,92,7.05
128,Dali,CN,38.99,25.6,100.24,100,0,3.53
129,Pudem,RU,20.18,58.3,52.17,88,92,5.1
130,Port Lincoln,AU,73.28,-34.72,135.86,83,0,6.49
131,Leningradskiy,RU,14.28,69.38,178.42,83,0,20.92
132,Pelotas,BR,66.03,-31.77,-52.34,90,0,11.63
133,Bethel,US,37.4,60.79,-161.76,96,75,10.29
134,Jamestown,AU,77.01,-33.21,138.6,70,0,7.23
135,Arkalgud,IN,60.81,12.76,76.06,91,8,2.98
136,Vila Velha,BR,82.4,-3.71,-38.6,78,0,4.7
137,Dunedin,NZ,55,-45.87,170.5,70,8,7
138,East London,ZA,70.13,-33.02,27.91,100,88,23.82
139,Tuktoyaktuk,CA,5,69.44,-133.03,84,75,5.82
140,Deputatskiy,RU,-42.51,69.3,139.9,0,0,2.01
141,Port Moresby,PG,86,-9.47,147.16,70,20,2.24
142,Springbok,ZA,54.33,-29.67,17.88,86,0,3.24
143,Samarai,PG,82.23,-10.62,150.67,100,0,6.49
144,Maldonado,UY,60.8,-34.91,-54.96,48,20,11.41
145,Gobabis,NA,75.39,-22.45,18.97,25,48,8.01
146,Pandan Niog,PH,80.21,6.23,120.56,100,0,13.31
147,Pimentel,BR,75.48,-3.7,-45.5,93,88,3.24
148,Iqaluit,CA,-2.01,63.75,-68.52,84,75,4.7
149,Huarmey,PE,73.28,-10.07,-78.15,71,12,3.8
150,Kirakira,SB,83.13,-10.46,161.92,98,0,14.65
151,Corrente,BR,71.39,-17.45,-44.68,89,68,2.57
152,Rome,IT,51.01,41.89,12.48,66,0,8.05
153,Tuatapere,NZ,55,-46.13,167.69,80,92,8.01
154,Saint George,GR,44.6,39.45,22.34,65,75,4.7
155,Sambava,MG,79.26,-14.27,50.17,100,92,15.17
156,Omalur,IN,67.56,11.74,78.05,91,24,4.88
157,Bojnice,SK,44.6,48.78,18.58,60,20,4.7
158,Buala,SB,85.61,-8.15,159.59,78,44,8.84
159,Hilo,US,75.2,19.71,-155.08,60,40,10.29
160,Ponta do Sol,BR,70.94,-20.63,-46,91,48,2.53
161,Viedma,AR,63.02,-40.81,-62.99,57,80,12.82
162,Iwanai,JP,32.73,42.97,140.51,100,0,14.61
163,Dunhua,CN,16.58,43.37,128.23,57,0,3.2
164,Hithadhoo,MV,81.83,-0.6,73.08,100,36,12.26
165,Necochea,AR,59,-38.55,-58.74,65,20,1.01
166,Port Elizabeth,US,41,39.31,-74.98,38,90,5.82
167,Bukachacha,RU,11.81,52.99,116.91,68,24,4.7
168,Nuuk,GL,26.6,64.17,-51.74,63,20,16.11
169,Champerico,MX,86,16.38,-93.6,45,5,24.16
170,Cidreira,BR,66.98,-30.17,-50.22,91,80,1.45
171,Linqiong,CN,48.2,30.42,103.46,81,40,4.47
172,Poptun,GT,78.14,16.33,-89.42,50,0,5.03
173,Georgetown,GY,78.8,6.8,-58.16,78,20,9.17
174,Kosh-Agach,RU,-16.14,49.99,88.66,54,12,2.57
175,Itarema,BR,77.69,-2.92,-39.92,94,48,5.7
176,Yar-Sale,RU,-12.99,66.83,70.83,60,0,9.8
177,Lata,IN,28.19,30.78,78.62,100,92,1.86
178,San Angelo,US,75,31.46,-100.44,46,1,9.17
179,Khasan,RU,30.48,42.43,130.64,96,0,4.25
180,Narsaq,GL,24.8,60.91,-46.05,58,0,1.12
181,Muros,ES,59,42.77,-9.06,66,0,3.36
182,Tiksi,RU,-16.28,71.64,128.87,46,0,3.76
183,Floriano,BR,74.04,-6.77,-43.02,93,20,3.2
184,Saldanha,PT,37.46,41.42,-6.55,78,0,4.59
185,Adrar,DZ,50,27.87,-0.29,29,0,8.05
186,Ouallam,NE,63.02,14.32,2.08,18,0,10.02
187,Takab,IR,31.25,36.4,47.11,90,92,4.09
188,Sao Joao da Barra,BR,80.6,-21.64,-41.05,83,0,2.24
189,Nikolskoye,RU,24.01,59.7,30.79,92,40,2.24
190,Sechura,PE,79.49,-5.56,-80.82,76,8,9.84
191,Kruisfontein,ZA,60.86,-34,24.73,79,0,16.11
192,Bom Jesus,BR,76.7,-9.08,-44.36,84,12,6.55
193,Kabo,CF,70.13,7.69,18.62,98,80,10.29
194,Denpasar,ID,80.6,-8.65,115.22,94,40,4.7
195,Mehamn,NO,28.41,71.03,27.85,95,80,3.36
196,Caravelas,BR,83.99,-17.73,-39.27,100,8,18.34
197,Batagay-Alyta,RU,-15.74,67.8,130.41,62,68,3.02
198,Omboue,GA,80.03,-1.57,9.26,100,56,13.15
199,Mangan,IN,18.06,27.5,88.54,78,80,0.74
200,Karasjok,NO,26.6,69.47,25.52,92,92,10.29
201,Bani,PH,73.68,15.89,120.27,90,0,3.2
202,Vredendal,ZA,53.75,-31.68,18.49,88,0,3.8
203,San Patricio,PY,70.44,-26.98,-56.83,70,0,6.71
204,Lumeje,AO,66.35,-11.56,20.78,95,64,2.86
205,Juneau,US,39.2,58.3,-134.42,55,20,8.05
206,Komsomolskiy,RU,-3.41,67.55,63.78,73,68,17.9
207,Isangel,VU,77.73,-19.55,169.27,100,76,15.1
208,Mugumu,TZ,55.64,-1.84,34.67,82,8,6.38
209,Aksarayskiy,RU,35.6,46.79,48.01,89,90,8.95
210,Tabuk,PH,63.56,17.41,121.44,83,0,2.01
211,Namatanai,PG,83,-3.66,152.44,98,80,7.27
212,Rantauprapat,ID,68.78,2.1,99.83,90,20,2.3
213,Port Hardy,CA,41,50.7,-127.42,25,5,18.34
214,Manjacaze,MZ,79.44,-24.71,33.88,70,0,9.84
215,Alpena,US,14,45.06,-83.43,56,75,6.93
216,Dakar,SN,71.6,14.69,-17.45,72,20,13.87
217,San Cristobal,EC,62.6,-0.39,-78.55,72,75,10.29
218,Nome,US,64.4,30.04,-94.42,77,90,8.05
219,Lasa,CY,60.8,34.92,32.53,77,40,18.34
220,Mabaruma,GY,78.86,8.2,-59.78,79,56,8.84
221,Beyneu,KZ,29.99,45.32,55.19,94,92,4.7
222,Mar del Plata,AR,67.43,-46.43,-67.52,37,0,18.57
223,Freeport,BS,75.2,26.54,-78.7,78,75,11.41
224,Axim,GH,82.86,4.87,-2.24,98,68,9.84
225,Kungurtug,RU,-8.54,50.6,97.53,51,32,2.98
226,Mikumi,TZ,67.97,-7.4,36.98,99,48,2.53
227,Kapasan,IN,49.16,24.95,74.23,89,68,1.52
228,Camabatela,AO,65.72,-8.19,15.37,90,36,3.09
229,Hailar,CN,13.38,49.2,119.7,64,0,10.8
230,Ngunguru,NZ,73,-35.62,174.5,53,0,5.99
231,Grindavik,IS,41,63.84,-22.43,86,75,17.22
232,Agirish,RU,7.31,61.92,63.02,67,88,8.39
233,Ostrovnoy,RU,18.24,68.05,39.51,86,36,23.38
234,Wenling,CN,48.99,28.38,121.38,96,92,5.03
235,Torbay,CA,24.01,47.66,-52.73,85,90,33.33
236,Lompoc,US,61,34.64,-120.46,62,1,5.82
237,San Jeronimo,PE,47.49,-13.65,-73.37,91,76,1.79
238,Beaumont,US,64.4,30.09,-94.1,77,90,8.05
239,Marienburg,DE,44.01,52.12,9.98,69,0,1.12
240,Fort Nelson,CA,28.4,58.81,-122.69,54,40,2.19
241,Paoua,CF,71.79,7.24,16.43,73,32,9.35
242,Morondava,MG,78.41,-20.3,44.28,100,8,3.09
243,Mhlume,SZ,73.23,-26.03,31.81,59,0,11.81
244,Kindersley,CA,-0.01,51.47,-109.16,70,20,16.11
245,Ahipara,NZ,72.06,-35.17,173.16,65,0,8.23
246,Fare,PF,84.84,-16.7,-151.02,98,8,6.49
247,Derzhavinsk,KZ,12.53,51.1,66.31,82,92,3.58
248,Portland,US,37.4,45.52,-122.67,34,75,31.09
249,Gold Coast,AU,82.99,-28,153.41,57,40,9.17
250,Karaton,ID,80.6,-6.34,106.1,88,20,2.24
251,Charters Towers,AU,77.69,-20.07,146.27,77,12,9.4
252,Benghazi,LY,58.29,32.12,20.07,100,44,21.81
253,Ozernovskiy,RU,20,51.5,156.52,88,68,12.75
254,Saint Anthony,US,39.2,43.97,-111.68,95,20,13.87
255,Kaduqli,SD,69.36,11.01,29.72,63,0,2.68
256,Bayir,TR,48,37.27,28.22,70,0,5.82
257,Jalu,LY,48.93,29.03,21.55,73,0,10.58
258,Codrington,AU,78.8,-28.95,153.24,64,80,3.58
259,Phan Thiet,VN,76.29,10.93,108.1,93,24,15.28
260,Valle Hermoso,MX,82.4,25.67,-97.82,65,75,12.75
261,Sabya,YE,68.01,16.19,43.1,79,0,3.09
262,Deloraine,CA,-1,49.18,-100.5,84,48,1.99
263,Los Llanos de Aridane,ES,62.6,28.66,-17.92,77,24,2.24
264,Vazante,BR,72.78,-17.99,-46.9,86,48,4.81
265,Acajutla,SV,81,13.59,-89.83,62,0,1.99
266,Kolokani,ML,61.94,13.58,-8.03,23,0,10.63
267,Marystown,CA,21.99,47.17,-55.16,100,64,34.67
268,Bandar,ID,73.37,-4.2,104.14,96,64,6.22
269,Aswan,EG,63.11,24.09,32.9,34,80,8.28
270,Buin,CL,80.6,-33.73,-70.74,24,0,8.05
271,Collingwood,CA,12.2,44.5,-80.22,78,40,3.36
272,Altay,CN,-5.3,47.83,88.13,55,0,3.98
273,Taywarah,AF,13.61,33.35,64.42,85,64,2.86
274,Ayan,TR,19.28,40.67,33.6,76,48,2.3
275,Berlevag,NO,28.73,70.86,29.09,100,92,3.53
276,North Battleford,CA,-0.01,52.78,-108.3,59,1,12.75
277,Clyde River,CA,-23.81,70.47,-68.59,74,40,5.82
278,Popondetta,PG,77.87,-8.77,148.24,78,20,2.35
279,Geraldton,CA,3.2,49.72,-86.95,49,75,5.82
280,Araouane,ML,53.48,18.9,-3.53,33,0,10.92
281,Nador,MA,53.6,35.17,-2.93,81,0,2.24
282,Paramonga,PE,72.78,-10.68,-77.82,98,0,10.51
283,Padang,ID,77,-0.92,100.36,100,92,10.29
284,Sidi Ali,DZ,38.9,36.1,0.42,88,0,2.57
285,Victoria,BN,78.8,5.28,115.24,78,75,11.41
286,Hay River,CA,23,60.82,-115.79,67,75,8.05
287,Kavaratti,IN,81.56,10.57,72.64,100,0,10.25
288,Adiake,CI,82.4,5.29,-3.3,88,20,9.17
289,Athabasca,CA,11.99,54.72,-113.29,81,32,8.57
290,Half Moon Bay,US,57.2,37.46,-122.43,71,90,16.11
291,Buckeye,US,72,33.37,-112.58,19,75,3.2
292,Bela,PK,47.31,26.23,66.31,42,0,5.03
293,Hamilton,BM,62.6,32.3,-64.78,59,75,12.75
294,Guerrero Negro,MX,67.16,27.97,-114.04,51,8,9.4
295,El Salto,MX,86,20.52,-103.18,10,20,10.29
296,Belyy Yar,RU,17.6,53.6,91.39,85,32,2.24
297,Praya,ID,80.6,-8.71,116.27,88,40,2.24
298,Longyearbyen,NO,10.4,78.22,15.63,72,75,2.24
299,Lodja,CD,71.43,-3.52,23.6,96,32,3.09
300,Northam,GB,48.99,51.04,-4.21,95,0,3.36
301,Kushiro,JP,23,43.11,144.15,73,20,5.82
302,Myshkin,RU,21.35,57.78,38.45,85,68,13.53
303,Jinchang,CN,3.98,38.52,102.19,49,64,2.53
304,Nichinan,JP,50,31.65,131.31,76,75,8.05
305,Soyo,AO,78.68,-6.13,12.37,92,76,3.31
306,Katima Mulilo,NA,70.85,-17.5,24.28,71,12,5.32
307,Ancud,CL,59.06,-41.87,-73.83,68,0,6.89
308,Kindu,CD,74.18,-2.95,25.92,88,20,3.02
309,Basco,US,39.2,40.33,-91.2,64,1,9.17
310,Manaus,BR,80.6,-3.13,-59.98,88,75,5.82
311,Seoul,KR,39.2,37.57,126.98,59,40,1.12
312,Muisne,EC,82.4,0.61,-80.02,88,40,3.36
313,San Jose,PH,69.68,15.79,120.99,88,8,2.68
314,Upernavik,GL,0.56,72.79,-56.15,100,44,16.33
315,Yulara,AU,86,-25.24,130.99,20,0,10.29
316,Marawi,PH,68.19,8,124.29,80,0,2.68
317,Coquimbo,CL,62.6,-29.95,-71.34,82,40,8.05
318,La Celia,CO,77,5,-76,100,75,11.41
319,Shimanovsk,RU,12.53,52,127.67,70,76,2.46
320,Otradnoye,RU,24.01,59.77,30.8,92,40,2.24
321,Umea,SE,37.4,63.83,20.26,86,0,11.41
322,Kavieng,PG,80.88,-2.57,150.8,100,88,11.63
323,Baft,IR,12.98,29.23,56.61,40,0,1.68
324,Vila,IT,51.01,45.18,8.4,85,0,5.82
325,Cabatuan,PH,69.77,16.95,121.67,81,0,0.74
326,Xining,CN,11.27,36.62,101.77,92,80,2.98
327,Villablino,ES,50,42.94,-6.32,69,0,3.36
328,Keetmanshoop,NA,73.4,-26.57,18.15,43,0,10.29
329,Mount Pleasant,US,59,33.16,-94.97,93,90,5.82
330,Opuwo,NA,66.21,-18.06,13.84,69,0,3.69
331,Esperance,TT,79,10.24,-61.45,78,20,9.17
332,Mapiri,BO,54.51,-15.31,-68.22,97,100,1.79
333,Hasaki,JP,45,35.73,140.83,45,75,9.17
334,Vestmanna,FO,46.4,62.16,-7.17,81,8,11.41
335,Smithers,CA,23,54.78,-127.17,45,20,2.24
336,Kahului,US,73.99,20.89,-156.47,73,90,16.11
337,Ketchikan,US,44.6,55.34,-131.65,52,1,18.34
338,Auburn,US,69.8,32.61,-85.48,60,90,6.93
339,Pingliang,CN,28.59,35.54,106.68,94,88,3.31
340,Port-Gentil,GA,77,-0.72,8.78,94,40,2.24
341,Yerbogachen,RU,12.17,61.28,108.01,71,68,6.04
342,Abu Road,IN,57.26,24.48,72.78,59,20,2.24
343,Sandata,RU,29.45,46.27,41.76,95,92,3.36
344,Severo-Kurilsk,RU,21.71,50.68,156.12,100,44,16.62
345,Rio Grande,BR,66.03,-32.03,-52.1,90,0,11.63
346,Talnakh,RU,-10.43,69.49,88.39,68,48,2.98
347,Grand-Santi,GF,77.73,4.27,-54.38,76,92,4.36
348,Hachinohe,JP,36,40.47,141.48,38,0,5.99
349,Yarovoye,RU,26.12,52.92,78.56,86,68,11.92
350,Mezen,RU,10.19,65.85,44.24,73,0,7.23
351,Kastamonu,TR,25.94,41.38,33.78,86,92,3.36
352,Hambantota,LK,77.91,6.12,81.12,100,68,5.37
353,Margate,AU,63,-43.03,147.26,50,20,8.05
354,Teya,MX,93.2,21.05,-89.07,28,40,11.41
355,Tagusao,PH,76.7,9.19,117.81,89,44,8.34
356,Ormara,PK,64.37,25.21,64.64,81,0,8.28
357,Aykhal,RU,7.94,65.95,111.51,69,80,7.34
358,Townsville,AU,80.6,-19.26,146.82,65,40,12.75
359,Gorin,US,36,40.36,-92.02,86,90,8.05
360,Guia Lopes da Laguna,BR,69.95,-21.46,-56.11,97,80,5.03
361,Nishihara,JP,48.99,35.74,139.53,48,75,10.29
362,Grand-Lahou,CI,80.03,5.24,-5,87,48,5.7
363,Khorramshahr,IR,62.6,30.43,48.18,72,90,6.93
364,Sola,NO,39.99,58.89,5.65,100,36,1.52
365,Manica,MZ,67.61,-18.94,32.88,94,8,2.53
366,Kurchum,KZ,12.84,48.57,83.65,63,44,7.78
367,Sisimiut,GL,-8.49,66.94,-53.67,62,0,2.98
368,Port-Cartier,CA,5,50.03,-66.88,60,90,18.34
369,Manado,ID,80.6,1.49,124.85,78,40,3.36
370,Clarksburg,US,46.99,39.24,-77.28,39,40,4.7
371,Goderich,CA,17.01,43.74,-81.71,74,80,7
372,Kyren,RU,-8,51.68,102.13,52,12,2.08
373,Skjervoy,NO,37.23,70.03,20.97,100,88,19.3
374,Kajaani,FI,30.2,64.22,27.73,80,0,10.29
375,Yagodnoye,RU,-4.22,62.52,149.63,69,68,2.98
376,Khani,GE,39.2,41.96,42.96,100,90,3.36
377,Virden,CA,-1.29,49.85,-100.93,76,56,6.71
378,Hatillo,PR,79,18.49,-66.83,97,40,18.34
379,Jacareacanga,BR,76.07,-6.22,-57.76,84,76,2.53
380,Gabu,CN,13.25,34.78,103,83,76,2.08
381,Masallatah,LY,35.43,32.62,14,86,8,2.3
382,Alofi,NU,86,-19.06,-169.92,79,75,17.22
383,Omsukchan,RU,-15.47,62.53,155.8,60,48,5.48
384,Panama City,US,64.99,30.16,-85.65,88,90,6.93
385,Onega,RU,11.63,63.91,38.09,75,12,8.12
386,Avera,US,66.2,33.19,-82.53,63,40,4.7
387,Noumea,NC,80.6,-22.28,166.46,61,76,18.34
388,Pilot Butte,CA,-2.21,50.48,-104.42,77,20,6.93
389,Husavik,CA,3,50.56,-96.99,66,48,5.99
390,Magaria,NE,73.14,13,8.91,43,92,8.23
391,Challans,FR,48.2,46.85,-1.88,87,0,3.36
392,Erenhot,CN,12.39,43.65,111.97,76,0,8.23
393,Buta,CD,69.18,2.79,24.73,94,76,3.8
394,Muli,IN,61.04,22.62,71.45,66,0,7.83
395,Kendari,ID,80.3,-3.99,122.52,89,12,3.98
396,Beian,NO,44.6,63.66,9.57,87,75,27.51
397,Calbuco,CL,59,-41.77,-73.13,62,75,10.29
398,Acapulco,MX,84.2,16.86,-99.88,70,5,2.24
399,Shingu,JP,44.6,33.72,135.99,39,0,10.29
400,Balikpapan,ID,78.8,-1.24,116.86,88,20,4.7
401,San Quintin,PH,69.36,17.54,120.52,70,0,6.38
402,Sijunjung,ID,67.7,-0.69,100.95,98,92,1.86
403,Bambous Virieux,MU,82.4,-20.34,57.76,83,75,16.11
404,Mao,DO,77,19.55,-71.08,65,20,11.41
405,Faanui,PF,83.63,-16.48,-151.75,100,0,3.58
406,Zhaotong,CN,32.33,27.34,103.71,96,76,1.97
407,Lerwick,GB,44.6,60.15,-1.15,100,68,2.24
408,Lianran,CN,45,24.92,102.47,81,0,11.18
409,Namibe,AO,76.52,-15.19,12.15,100,56,6.55
410,Makaha,US,80.6,21.47,-158.22,64,40,11.41
411,Conceicao do Araguaia,BR,75.08,-8.26,-49.26,95,76,4.32
412,Banjar,ID,73.86,-7.37,108.54,92,20,3.09
413,Luganville,VU,81.24,-15.51,167.18,100,12,13.87
414,Zhigansk,RU,-3.05,66.77,123.37,73,76,6.55
415,Igarka,RU,-2.51,67.47,86.57,83,80,13.04
416,Sokolo,ML,59.69,14.74,-6.12,26,0,13.53
417,Okhotsk,RU,-7.19,59.36,143.24,100,8,6.78
418,Marseille,FR,48.2,43.3,5.37,81,0,5.82
419,Goya,AR,64.19,-29.14,-59.27,60,12,11.25
420,Genhe,CN,5.64,50.78,121.52,51,0,2.75
421,Prince Rupert,CA,44.6,54.32,-130.32,30,1,8.05
422,Tambo,AU,80.93,-24.88,146.25,46,0,13.27
423,Aksu,KZ,26.6,52.04,76.93,86,90,17.9
424,Norrtalje,SE,42.8,59.76,18.7,60,0,9.17
425,Sinnamary,GF,79.44,5.38,-52.96,95,100,13.31
426,Barcelos,PT,61,41.53,-8.62,76,0,5.82
427,Okato,NZ,71.01,-39.19,173.88,40,92,5.99
428,Calvinia,ZA,50.73,-31.47,19.78,89,0,4.7
429,Seydi,NE,76.56,13.34,7.75,50,76,7.38
430,Inhambane,MZ,79.04,-23.87,35.38,94,0,14.54
431,High Level,CA,28.4,58.52,-117.13,63,75,5.82
432,Port Blair,IN,83.45,11.67,92.75,98,0,10.4
433,Nouakchott,MR,68,18.08,-15.98,9,0,9.17
434,Auki,NG,72.74,12.18,6.51,48,92,2.68
435,Makushino,RU,3.26,55.21,67.25,81,44,7.9
436,Paita,PE,80.66,-5.09,-81.11,68,32,7.38
437,Westport,IE,48.99,53.8,-9.52,73,68,1.01
438,Sioux Lookout,CA,5,50.1,-91.92,50,75,11.41
439,San Vicente,SV,89.6,13.64,-88.78,40,0,4.7
440,Rujewa,TZ,62.61,-8.7,34.38,93,44,2.24
441,Chernyshevskiy,RU,14.15,63.01,112.47,75,80,9.24
442,Ciudad Bolivar,VE,86.28,8.12,-63.55,39,0,15.28
443,Tamworth,AU,77,-31.09,150.93,41,44,5.82
444,Sangar,RU,-16.55,63.92,127.47,70,20,1.97
445,Isla Mujeres,MX,80.6,21.23,-86.73,74,40,11.41
446,Anadyr,RU,26.6,64.73,177.51,86,20,35.79
447,Gloversville,US,19.4,43.05,-74.34,61,1,11.41
448,Buraydah,SA,66.2,26.33,43.97,68,75,5.82
449,Taveta,TZ,75.2,-3.4,37.68,69,20,18.34
450,Gwanda,ZW,68.91,-20.94,29,73,56,4.09
451,Belen,TR,50,36.49,36.19,93,75,6.93
452,Kostomuksha,RU,26.03,64.59,30.6,93,80,7.05
453,Iberia,PE,76.38,-11.41,-69.49,90,44,2.86
454,Haines Junction,CA,17.48,60.75,-137.51,87,0,0.56
455,Orlik,RU,-7.59,52.51,99.83,48,12,3.53
456,Albert Town,JM,80.6,18.29,-77.54,74,20,13.87
457,Vanavara,RU,13.11,60.35,102.28,79,76,5.03
458,Ulaangom,MN,-14.57,49.98,92.07,52,8,1.68
459,Iwai,JP,48.99,36.05,139.9,51,75,3.36
460,Sobolevo,RU,27.11,54.43,31.9,83,68,13.6
461,Boa Viagem,BR,72.47,-5.13,-39.73,93,80,2.19
462,Muncar,ID,82.55,-8.43,114.34,91,0,2.8
463,Mackenzie,CA,23,55.34,-123.09,45,1,5.82
464,Alagoa Grande,BR,78.8,-7.16,-35.63,83,75,13.87
465,Mecca,SA,65.04,21.43,39.83,90,8,2.68
466,Buenavista,CO,77,4.36,-75.74,61,75,4.7
467,Barra do Corda,BR,76.07,-5.5,-45.25,87,36,5.03
468,Barcelona,ES,53.01,41.38,2.18,81,0,3.36
469,Berdigestyakh,RU,9.33,62.1,126.7,80,56,6.82
470,Agadez,NE,65.18,16.97,7.99,41,76,5.21
471,Slave Lake,CA,19.4,55.28,-114.77,67,75,29.97
472,Tahe,CN,13.83,52.34,124.71,70,36,3.76
473,Arlit,NE,60.18,18.74,7.39,67,0,6.82
474,Saint-Leu,RE,80.6,-21.15,55.28,78,0,6.93
475,Gediz,TR,32,38.99,29.39,75,80,15.99
476,Upington,ZA,73.4,-28.46,21.24,46,0,16.11
477,Hobyo,SO,75.44,5.35,48.53,90,12,14.16
478,Cockburn Town,TC,77.6,21.46,-71.14,98,88,21.21
479,Karratha,AU,81.74,-20.74,116.85,78,0,4.81
480,Ikom,NG,71.03,5.96,8.72,94,32,3.2
481,Catuday,PH,75.89,16.29,119.81,92,0,9.01
482,Nadapuram,IN,68.6,11.7,75.65,99,8,1.86
483,Foam Lake,CA,-6.29,51.65,-103.53,68,0,13.42
484,Tefe,BR,84.2,-3.35,-64.71,74,0,3.36
485,Sungaipenuh,ID,64.73,-2.08,101.38,99,100,0.56
486,Bubaque,GW,81.06,11.28,-15.83,88,0,13.6
487,Pendleton,US,66.2,34.65,-82.78,45,90,4.54
488,Brae,GB,44.6,60.4,-1.35,100,56,9.17
489,Puerto Montt,CL,59,-41.47,-72.94,62,75,10.29
490,Itoman,JP,68,26.12,127.67,72,20,3.36
491,Mehran,IR,48.2,33.12,46.17,42,75,11.41
492,Vestmannaeyjar,IS,42.99,63.44,-20.27,90,92,18.52
493,College,US,28.99,64.86,-147.8,78,1,2.24
494,Luwuk,ID,79.22,-0.95,122.79,97,88,3.8
495,Bambanglipuro,ID,74.54,-7.95,110.28,97,20,4.09
496,Tazovskiy,RU,-13.13,67.47,78.7,80,8,5.59
497,Jutai,BR,72.69,-1.71,-47.89,98,92,1.52
498,Burns Lake,CA,23.73,54.23,-125.76,51,0,2.98
499,Adre,TD,78.63,13.47,22.2,39,88,8.05
500,Kutum,SD,80.12,14.2,24.66,28,92,6.89
501,Antofagasta,CL,69.8,-23.65,-70.4,77,20,10.29
502,San Francisco,US,57.2,37.78,-122.42,71,90,16.11
503,Slonim,BY,33.86,53.09,25.32,83,64,12.64
504,Mahajanga,MG,78.8,-15.72,46.32,88,40,4.7
505,Payakumbuh,ID,69.68,-0.23,100.63,95,92,2.75
506,Tual,ID,84.35,-5.67,132.75,96,24,4.25
507,Valday,RU,24.95,57.98,33.25,88,80,5.82
508,Wuning,CN,45.65,29.26,120.23,100,92,3.76
509,Dom Pedrito,BR,57.48,-30.98,-54.67,60,0,8.9
510,Boa Vista,BR,87.8,2.82,-60.67,45,0,12.75
511,Bamako,ML,77,12.65,-8,9,0,10.29
512,Finschhafen,PG,80.88,-6.6,147.85,80,0,2.24
513,Clonakilty,IE,48,51.62,-8.87,100,90,6.93
514,Curanilahue,CL,63.02,-37.48,-73.35,65,0,7.38
515,Veraval,FR,50,49.65,0.71,75,0,5.82
516,Mayya,RU,-20.21,61.74,130.28,75,80,4.47
517,Hervey Bay,AU,84,-25.3,152.85,45,40,17.22
518,Horodyshche,UA,33.8,50.76,29.29,86,88,15.66
519,Kununurra,AU,80.6,-15.77,128.74,74,0,5.82
520,Iracoubo,GF,76.38,5.48,-53.21,85,100,5.99
521,Iralaya,HN,78.68,15,-83.23,82,76,10.13
522,Marsaxlokk,MT,50,35.84,14.54,87,0,9.17
523,Inongo,CD,74.63,-1.93,18.29,98,88,3.31
524,Tutoia,BR,75.84,-2.76,-42.27,98,80,2.68
525,Urucara,BR,76.29,-2.54,-57.76,93,44,3.36
526,Kayerkan,RU,-11.96,69.35,87.76,74,36,4.54
527,Oktyabrskoye,RU,25,56.73,85.44,92,75,11.18
528,Nalut,LY,43.89,31.86,10.98,96,92,6.22
529,Stromness,CA,21.99,42.87,-79.55,52,75,9.17
530,Yelizovo,RU,12.2,53.19,158.38,56,56,13.42
531,Hovd,NO,44.6,63.83,10.7,75,0,13.87
532,Laem Sing,TH,81,12.48,102.07,63,0,2.46
533,Clarence Town,AU,81,-32.59,151.78,60,20,8.05
534,Lazaro Cardenas,MX,78.8,28.39,-105.62,12,5,17.22
535,Turukhansk,RU,14.69,65.8,87.96,80,76,22.37
536,Makakilo City,US,80.6,21.35,-158.09,64,40,11.41
537,San Pedro,AR,60.01,-33.68,-59.66,66,0,7.78
538,Mizdah,LY,41.96,31.45,12.98,92,20,4.32
539,Rebrikha,RU,31.29,53.08,82.34,93,92,17.78
540,Kargasok,RU,11.31,59.06,80.87,76,64,4.09
541,Port Hawkesbury,CA,10.4,45.62,-61.36,85,90,24.16
542,La Ronge,CA,10.4,55.1,-105.3,72,90,11.41
543,Ponta Delgada,PT,57.2,37.73,-25.67,62,40,18.34
544,Waddan,LY,36.56,29.16,16.14,89,0,3.47
545,Garoua,CM,76.34,9.31,13.39,53,44,5.37
546,Vaitape,PF,83.72,-16.52,-151.75,100,8,1.97
547,Cilegon,ID,80.6,-6.02,106.05,88,20,2.24
548,Iquique,CL,73.4,-20.22,-70.14,64,0,12.75
549,Thunder Bay,CA,10.4,48.41,-89.26,46,75,9.17
550,Barguzin,RU,-0.84,53.62,109.63,59,0,2.68
551,Mitsamiouli,KM,81.47,-11.38,43.28,100,92,3.98
552,Plouzane,FR,51.01,48.38,-4.62,70,0,8.05
553,Marsa Matruh,EG,54.47,31.35,27.25,77,88,17.67
554,Sorong,ID,81.74,-0.86,131.25,100,68,7.9
555,Ilulissat,GL,-0.41,69.22,-51.1,84,20,4.7
556,Kuznechikha,RU,4.11,63.45,41.73,71,0,2.46
557,Praia,BR,69.8,-20.25,-43.81,83,75,10.29
558,Teguise,ES,64.4,29.06,-13.56,72,0,9.17
559,Broome,GB,46.4,52.47,1.45,81,0,2.24
560,Palmer,AU,89.01,-34.85,139.16,47,0,11.41
561,Staraya Mayna,RU,19.4,54.61,48.93,92,90,2.24
562,Swinoujscie,PL,36,53.91,14.25,100,90,2.24
563,Nemuro,JP,28.37,43.32,145.57,100,0,14.38
564,Klaksvik,FO,46.4,62.23,-6.59,81,0,11.41
565,Jiuquan,CN,-4.44,39.73,98.49,71,0,3.69
566,Termez,AF,41,37.23,67.28,79,0,9.17
567,Vanimo,PG,81.74,-2.67,141.3,100,64,5.32
568,Virginia Beach,US,51.01,36.85,-75.98,65,75,6.93
569,Luoyang,CN,29.94,34.66,112.42,78,80,2.08
570,Sao Felix do Xingu,BR,71.57,-6.64,-51.99,97,88,3.02
571,Luanda,AO,84.2,-8.83,13.24,79,40,5.82
572,Qaqortoq,GL,24.8,60.72,-46.03,58,0,1.12
573,Morden,CA,3.99,49.19,-98.1,71,76,6.6
574,Kandrian,PG,83.18,-6.21,149.55,83,36,2.98
575,Saint Pete Beach,US,68,27.73,-82.74,93,90,3.36
576,Pangnirtung,CA,-9.41,66.15,-65.72,63,20,2.75
577,Berezovyy,RU,17.43,51.67,135.7,60,0,4.99
578,Puerto Escondido,MX,84.2,15.86,-97.07,70,40,9.17
579,Trang,TH,74.27,7.56,99.61,81,8,5.1
580,Sinop,TR,42.77,42.03,35.15,100,92,22.88
581,Haapiti,PF,86,-17.57,-149.87,70,40,11.41
582,Ternate,PH,78.01,14.29,120.72,61,20,11.41
583,Le Port,FR,55.99,42.87,1.37,31,0,1.3
584,De Aar,ZA,60.81,-30.65,24.01,40,20,7.34
585,Saint-Pierre,FR,44.6,48.95,4.24,75,0,9.17
586,General Roca,AR,75.2,-39.03,-67.58,22,0,6.93
587,Olutanga,PH,78.18,7.31,122.85,100,44,3.58
588,Dispur,IN,60.8,26.14,91.79,87,75,7.78
589,Ladario,PT,60.01,40.7,-7.74,48,8,5.99
590,Yaan,NG,71.88,7.38,8.57,91,0,2.53
591,Salinas,US,62.6,36.67,-121.66,59,20,13.87
592,Fairbanks,US,28.99,64.84,-147.72,78,1,2.24
593,Samut Songkhram,TH,81.2,13.41,100,100,0,7.61
594,Ati,TD,77.96,13.21,18.34,48,0,9.35
595,Rio Gallegos,AR,55.4,-51.62,-69.22,75,0,28.86
596,Mana,RS,44.6,43.52,20.24,52,75,4.7
597,Nizhniy Kuranakh,RU,11.58,58.84,125.49,70,56,5.32
598,Paamiut,GL,27.29,61.99,-49.67,98,0,8.28
599,Leshukonskoye,RU,3.21,64.9,45.76,64,0,5.48
600,La Serena,CL,62.6,-29.9,-71.25,82,40,8.05
601,Coxim,BR,78.68,-18.5,-54.75,90,36,4.59
602,Svetlogorsk,RU,8.6,53.14,59.15,78,75,3.02
603,Pochutla,MX,86,15.74,-96.47,58,75,2.01
604,Esfarayen,IR,33.8,37.08,57.51,74,0,3.69
605,Najran,SA,68,17.54,44.22,42,5,2.46
606,Gladstone,AU,78.01,-23.84,151.26,65,90,6.93
607,Manavgat,TR,51.8,36.79,31.44,76,75,6.93
608,Akom,GH,81.02,6.86,-1.64,60,24,6.89
609,Bathsheba,BB,78.8,13.22,-59.52,69,40,16.11
610,Marsh Harbour,BS,71.16,26.54,-77.06,100,92,25.39
611,Caruray,PH,78.8,10.31,119.01,69,20,13.87
612,Nangavalli,IN,67.56,11.76,77.89,91,24,4.88
613,Dalvik,SE,43,57.79,14.13,93,0,8.05
614,Mahibadhoo,MV,75.8,3.78,72.97,100,80,3.09
615,Kemise,ET,34.58,10.72,39.87,73,0,1.45
616,Puerto Cabello,VE,68.96,10.47,-68.01,95,32,3.31
617,Iacu,BR,74.18,-12.77,-40.21,90,12,3.09
618,Carmen,PH,76.7,7.2,124.8,61,0,4.09
619,Mpanda,TZ,65.04,-6.34,31.07,90,24,2.8
620,Sur,OM,67.88,22.57,59.53,100,0,4.09
621,Egersund,NO,39.99,58.45,6,100,0,10.85
622,Wabana,CA,24.01,47.63,-52.95,85,90,33.33
623,Mazamari,PE,64.91,-11.33,-74.53,98,88,1.86
624,Nizhniy Odes,RU,2.18,63.64,54.86,57,0,5.99
625,Mount Gambier,AU,64.4,-37.83,140.78,63,0,9.17
626,Sonkovo,RU,18.65,57.78,37.16,87,32,12.37
627,Ortona,IT,53.01,42.35,14.4,57,80,5.82
628,Chicama,PE,78.8,-7.84,-79.15,74,0,8.05
629,Oistins,BB,78.8,13.07,-59.53,69,40,16.11
630,Esso,RU,-2.06,55.93,158.7,70,32,4.25
631,Prokudskoye,RU,28.4,55.01,82.46,92,90,11.18
632,Waipawa,NZ,69.81,-39.94,176.59,48,0,11.74
633,Banyumas,ID,78.41,-7.52,109.29,100,56,1.3
634,Piranshahr,IR,32.28,36.7,45.14,96,92,1.74
635,Puteyets,RU,-8.31,65.17,57.09,63,0,2.57
636,Weston,US,30.99,41.2,-73.38,30,1,14.99
637,Kharan,PK,36.11,28.58,65.42,52,0,1.79
638,Ikalamavony,MG,62.39,-21.17,46.6,94,36,2.86
639,Agutaya,PH,77.69,11.15,120.94,100,0,21.59
640,Vao,EE,21.17,59.1,26.19,75,8,4.81
641,Jieshi,CN,61.98,22.82,115.83,100,80,8.23
642,Kloulklubed,PW,78.8,7.04,134.26,83,75,5.82
643,Halifax,CA,15.8,44.65,-63.58,51,75,31.09
644,Baykit,RU,10.01,61.68,96.39,76,64,6.04
645,Haveli,PK,34.04,33.47,72.12,95,0,2.8
646,Mindelo,PT,61,41.31,-8.72,76,0,5.82
647,Dongsheng,CN,41.24,29.72,112.52,100,92,12.26
648,Kemin,KG,-2.06,42.79,75.7,55,12,1.86
649,Galveston,US,35.01,40.58,-86.19,69,1,12.75
650,Vilyuysk,RU,12.17,63.75,121.63,72,64,7
651,Perth,GB,39.99,56.4,-3.43,85,0,2.08
652,Meulaboh,ID,78.68,4.14,96.13,100,24,1.57
653,Tibati,CM,67.11,6.47,12.63,81,48,7.9
654,Homer,US,39.2,59.64,-151.54,64,1,8.05
655,Mantua,IT,54,45.16,10.79,70,0,3.36
656,Kyzyl-Suu,KG,13.52,42.34,78,100,0,6.04
657,Camacupa,AO,61.13,-12.02,17.48,93,48,2.75
658,Newcastle,ZA,56.94,-27.76,29.92,71,8,2.24
659,Dunmore Town,BS,72.02,25.5,-76.65,100,88,23.67
660,Aloleng,PH,75.89,16.13,119.78,92,0,9.01
661,Darnah,LY,58.7,32.77,22.64,100,88,29.71
662,Carlisle,GB,48,54.89,-2.94,80,0,2.24
663,Kuala Terengganu,MY,77,5.33,103.14,94,75,7.11
664,Evensk,RU,3.89,61.92,159.24,100,88,6.71
665,Rundu,NA,72.38,-17.91,19.77,53,20,3.58
666,Ucluelet,CA,43,48.94,-125.55,26,5,10.29
667,Amga,RU,1.82,60.89,131.98,66,64,4.09
668,Nokaneng,BW,76.74,-19.66,22.19,41,32,7.56
669,Alvdal,NO,33.8,62.11,10.63,80,68,5.82
670,Quelimane,MZ,78.8,-17.88,36.89,83,20,2.24
671,Lebanon,US,15.8,43.64,-72.25,33,1,16.11
672,Bitkine,TD,77.96,11.98,18.21,45,0,12.03
673,Vardo,US,44.6,39.62,-77.74,38,75,12.75
674,Pangai,TO,81.33,-19.8,-174.35,98,92,34.11
675,Ishigaki,JP,71.6,24.34,124.16,83,75,3.36
